{"stats":{"minecraft:picked_up":{"minecraft:crafting_table":1,"minecraft:pumpkin":1,"minecraft:acacia_log":8},"minecraft:crafted":{"minecraft:acacia_planks":20,"minecraft:acacia_stairs":4,"minecraft:crafting_table":1,"minecraft:stick":4,"minecraft:acacia_slab":6,"minecraft:wooden_axe":1},"minecraft:used":{"minecraft:wooden_axe":7,"minecraft:acacia_stairs":1,"minecraft:acacia_log":1,"minecraft:crafting_table":2,"minecraft:acacia_slab":3},"minecraft:mined":{"minecraft:acacia_log":8,"minecraft:acacia_leaves":1,"minecraft:pumpkin":1,"minecraft:crafting_table":1},"minecraft:custom":{"minecraft:time_since_rest":12852,"minecraft:crouch_one_cm":117,"minecraft:sprint_one_cm":8296,"minecraft:play_time":12852,"minecraft:damage_taken":180,"minecraft:walk_one_cm":15840,"minecraft:sneak_time":60,"minecraft:walk_under_water_one_cm":273,"minecraft:jump":213,"minecraft:leave_game":3,"minecraft:time_since_death":12852,"minecraft:walk_on_water_one_cm":314,"minecraft:total_world_time":12852,"minecraft:swim_one_cm":604,"minecraft:interact_with_crafting_table":4,"minecraft:fall_one_cm":8620,"minecraft:fly_one_cm":25489}},"DataVersion":3465}