{"stats":{"minecraft:mined":{"minecraft:oak_log":2,"minecraft:birch_log":1,"minecraft:oak_planks":1},"minecraft:custom":{"minecraft:time_since_rest":14191,"minecraft:crouch_one_cm":161,"minecraft:play_time":14191,"minecraft:sprint_one_cm":3059,"minecraft:damage_taken":125,"minecraft:walk_one_cm":5250,"minecraft:sneak_time":42,"minecraft:walk_under_water_one_cm":679,"minecraft:jump":20,"minecraft:damage_dealt":9,"minecraft:leave_game":3,"minecraft:time_since_death":14191,"minecraft:walk_on_water_one_cm":1892,"minecraft:total_world_time":14191,"minecraft:swim_one_cm":3447,"minecraft:fly_one_cm":2599},"minecraft:used":{"minecraft:birch_planks":4,"minecraft:oak_planks":5},"minecraft:crafted":{"minecraft:oak_planks":8,"minecraft:birch_planks":4},"minecraft:picked_up":{"minecraft:birch_log":1,"minecraft:oak_log":2,"minecraft:oak_planks":1}},"DataVersion":3465}