{"stats":{"minecraft:picked_up":{"minecraft:crafting_table":1,"minecraft:cherry_planks":1,"minecraft:wheat_seeds":1,"minecraft:oak_log":6,"minecraft:cherry_log":2,"minecraft:dirt":14,"minecraft:cobblestone":22},"minecraft:crafted":{"minecraft:cherry_planks":8,"minecraft:wooden_sword":1,"minecraft:oak_planks":24,"minecraft:crafting_table":1,"minecraft:stick":24,"minecraft:wooden_pickaxe":1,"minecraft:wooden_axe":1},"minecraft:custom":{"minecraft:time_since_rest":46043,"minecraft:play_time":46043,"minecraft:crouch_one_cm":168,"minecraft:sprint_one_cm":20718,"minecraft:damage_taken":151,"minecraft:walk_one_cm":39932,"minecraft:sneak_time":143,"minecraft:mob_kills":1,"minecraft:jump":172,"minecraft:damage_dealt":205,"minecraft:leave_game":12,"minecraft:time_since_death":46043,"minecraft:total_world_time":46043,"minecraft:interact_with_crafting_table":4,"minecraft:fall_one_cm":3108,"minecraft:fly_one_cm":38748},"minecraft:killed":{"minecraft:zombie":1},"minecraft:used":{"minecraft:wooden_axe":14,"minecraft:dirt":4,"minecraft:apple":4,"minecraft:crafting_table":1,"minecraft:wooden_pickaxe":26,"minecraft:cherry_planks":8},"minecraft:mined":{"minecraft:grass":5,"minecraft:grass_block":2,"minecraft:oak_log":6,"minecraft:cherry_planks":1,"minecraft:dirt":12,"minecraft:cherry_log":2,"minecraft:stone":22,"minecraft:crafting_table":1}},"DataVersion":3465}