{"stats":{"minecraft:custom":{"minecraft:jump":45,"minecraft:time_since_rest":18487,"minecraft:walk_on_water_one_cm":25,"minecraft:damage_dealt":23,"minecraft:damage_taken":80,"minecraft:leave_game":2,"minecraft:play_time":18487,"minecraft:sprint_one_cm":4623,"minecraft:time_since_death":18487,"minecraft:walk_one_cm":28883,"minecraft:sneak_time":25,"minecraft:total_world_time":18487,"minecraft:walk_under_water_one_cm":2854,"minecraft:mob_kills":2,"minecraft:fly_one_cm":125596,"minecraft:animals_bred":1},"minecraft:mined":{"minecraft:oak_log":1},"minecraft:used":{"minecraft:redstone_torch":3,"minecraft:honey_block":69,"minecraft:wolf_spawn_egg":4,"minecraft:tnt":7},"minecraft:picked_up":{"minecraft:oak_log":1,"minecraft:rotten_flesh":2,"minecraft:cobbled_deepslate":58}},"DataVersion":3465}