{"stats":{"minecraft:picked_up":{"minecraft:oak_log":3,"minecraft:dirt":9},"minecraft:custom":{"minecraft:jump":6,"minecraft:time_since_rest":6791,"minecraft:leave_game":1,"minecraft:sprint_one_cm":1465,"minecraft:play_time":6791,"minecraft:time_since_death":6791,"minecraft:walk_one_cm":1667,"minecraft:total_world_time":6791,"minecraft:fly_one_cm":1174},"minecraft:crafted":{"minecraft:oak_planks":12},"minecraft:mined":{"minecraft:grass":1,"minecraft:grass_block":1,"minecraft:oak_log":3,"minecraft:dirt":8},"minecraft:used":{"minecraft:oak_planks":2}},"DataVersion":3465}