{"stats":{"minecraft:picked_up":{"minecraft:crafting_table":1,"minecraft:oak_log":6,"minecraft:oak_sapling":1,"minecraft:cobblestone":4},"minecraft:custom":{"minecraft:time_since_rest":2621,"minecraft:crouch_one_cm":121,"minecraft:play_time":2621,"minecraft:sprint_one_cm":2563,"minecraft:damage_taken":130,"minecraft:walk_one_cm":3751,"minecraft:sneak_time":52,"minecraft:jump":36,"minecraft:damage_dealt":6,"minecraft:leave_game":1,"minecraft:time_since_death":2621,"minecraft:total_world_time":2621,"minecraft:fall_one_cm":2827,"minecraft:interact_with_crafting_table":2,"minecraft:fly_one_cm":7984},"minecraft:crafted":{"minecraft:oak_planks":24,"minecraft:crafting_table":1,"minecraft:stick":8,"minecraft:wooden_pickaxe":1,"minecraft:stone_pickaxe":1},"minecraft:mined":{"minecraft:oak_log":6,"minecraft:stone":4,"minecraft:oak_leaves":1,"minecraft:crafting_table":1},"minecraft:used":{"minecraft:crafting_table":2,"minecraft:wooden_pickaxe":5}},"DataVersion":3465}