{"stats":{"minecraft:used":{"minecraft:diorite":19,"minecraft:birch_planks":3,"minecraft:stone_pickaxe":106,"minecraft:wooden_pickaxe":3,"minecraft:iron_sword":24,"minecraft:blue_bed":1,"minecraft:torch":13,"minecraft:dirt":4,"minecraft:iron_axe":84,"minecraft:iron_pickaxe":97,"minecraft:cobblestone":20,"minecraft:furnace":3,"minecraft:potato":10},"minecraft:picked_up":{"minecraft:birch_log":1,"minecraft:iron_chestplate":4,"minecraft:wheat":58,"minecraft:wooden_pickaxe":4,"iceandfire:troll_leather_mountain":21,"minecraft:potato":34,"minecraft:birch_planks":4,"minecraft:cobblestone_wall":2,"minecraft:gunpowder":14,"minecraft:blue_bed":5,"minecraft:dirt":9,"minecraft:raw_copper":46,"minecraft:iron_axe":8,"minecraft:iron_leggings":4,"minecraft:bone":12,"minecraft:stone_bricks":21,"minecraft:wheat_seeds":155,"minecraft:spore_blossom":3,"minecraft:spruce_planks":48,"minecraft:stone_pickaxe":3,"minecraft:iron_ingot":34,"minecraft:iron_pickaxe":6,"minecraft:iron_sword":2,"minecraft:birch_sapling":1,"minecraft:iron_boots":5,"minecraft:stick":4,"minecraft:raw_iron":74,"iceandfire:troll_tusk":6,"minecraft:copper_ingot":87,"minecraft:torch":26,"minecraft:diorite":35,"minecraft:spruce_log":16,"minecraft:spruce_door":3,"minecraft:dark_oak_log":17,"minecraft:mossy_cobblestone":1,"minecraft:dark_oak_planks":12,"minecraft:bundle":8,"minecraft:pumpkin_seeds":1,"minecraft:arrow":7,"minecraft:purple_bed":4,"minecraft:rotten_flesh":4,"minecraft:iron_helmet":4,"minecraft:oak_sapling":3,"minecraft:coal":132,"iceandfire:raw_silver":2,"minecraft:cobblestone":285},"minecraft:killed":{"iceandfire:troll":1,"minecraft:pillager":1,"minecraft:goat":2,"minecraft:zombie":1},"minecraft:crafted":{"minecraft:crafting_table":1,"minecraft:spruce_planks":16,"minecraft:iron_helmet":1,"minecraft:furnace":3,"minecraft:copper_ingot":46,"iceandfire:armor_copper_metal_boots":1,"minecraft:air":0,"iceandfire:armor_copper_metal_helmet":1,"minecraft:iron_boots":1,"minecraft:iron_chestplate":1,"minecraft:iron_axe":2,"minecraft:stick":12,"iceandfire:armor_copper_metal_chestplate":1,"minecraft:iron_ingot":51,"minecraft:stone_pickaxe":1,"minecraft:iron_pickaxe":1,"minecraft:iron_leggings":2,"minecraft:torch":8},"minecraft:killed_by":{"iceandfire:ice_dragon":7,"minecraft:stray":1,"minecraft:creeper":1,"minecraft:zombie":1},"minecraft:custom":{"minecraft:interact_with_furnace":49,"minecraft:mob_kills":7,"minecraft:interact_with_crafting_table":12,"minecraft:bell_ring":27,"minecraft:leave_game":1,"minecraft:time_since_death":32474,"minecraft:sleep_in_bed":2,"minecraft:time_since_rest":32501,"minecraft:sprint_one_cm":102464,"minecraft:damage_taken":2884,"minecraft:walk_one_cm":255231,"minecraft:drop":26,"minecraft:damage_dealt":2356,"minecraft:player_kills":1,"minecraft:talked_to_villager":9,"minecraft:fly_one_cm":110245,"minecraft:open_chest":2,"minecraft:crouch_one_cm":4421,"minecraft:play_time":88478,"minecraft:deaths":11,"minecraft:sneak_time":1325,"minecraft:jump":791,"minecraft:walk_on_water_one_cm":5613,"minecraft:total_world_time":88478,"minecraft:fall_one_cm":12632},"minecraft:mined":{"minecraft:dark_oak_planks":3,"iceandfire:silver_ore":1,"minecraft:mossy_cobblestone":1,"minecraft:dark_oak_log":8,"minecraft:powder_snow":12,"minecraft:glow_lichen":1,"minecraft:torch":1,"minecraft:grass_block":2,"minecraft:copper_ore":11,"minecraft:cobblestone":7,"minecraft:sugar_cane":1,"minecraft:diorite":19,"minecraft:blue_bed":1,"supplementaries:urn":1,"minecraft:spore_blossom":1,"minecraft:purple_bed":2,"minecraft:birch_planks":6,"minecraft:ice":3,"minecraft:iron_ore":51,"minecraft:wheat":26,"minecraft:spruce_log":4,"minecraft:pumpkin_stem":1,"minecraft:potatoes":1,"minecraft:coal_ore":36,"minecraft:dirt":2,"minecraft:stone":70},"minecraft:dropped":{"minecraft:iron_ingot":4,"minecraft:crafting_table":1,"iceandfire:armor_copper_metal_chestplate":1,"minecraft:rotten_flesh":2,"minecraft:iron_boots":1,"iceandfire:armor_copper_metal_helmet":1,"minecraft:coal":16,"minecraft:potato":1,"minecraft:torch":11,"minecraft:bundle":2,"minecraft:iron_chestplate":1,"iceandfire:armor_copper_metal_boots":1,"minecraft:iron_leggings":1,"minecraft:iron_axe":3,"minecraft:wooden_pickaxe":4,"minecraft:stone_pickaxe":3,"minecraft:iron_pickaxe":1}},"DataVersion":3465}