{"stats":{"minecraft:used":{"minecraft:diorite":4,"minecraft:stone_pickaxe":44,"minecraft:shield":1,"minecraft:spruce_planks":2,"minecraft:chest":1,"minecraft:wooden_pickaxe":46,"minecraft:torch":3,"minecraft:dirt":3,"minecraft:crafting_table":6,"minecraft:carrot":2,"minecraft:dark_oak_planks":45,"minecraft:dark_oak_log":1,"minecraft:bread":3,"minecraft:iron_axe":108,"minecraft:cobblestone":15,"minecraft:purple_bed":2,"minecraft:cooked_porkchop":2,"minecraft:furnace":3,"useless_sword:ravager_sword":51,"minecraft:potato":2},"minecraft:picked_up":{"minecraft:birch_log":13,"minecraft:iron_chestplate":1,"minecraft:crafting_table":9,"minecraft:wheat":5,"minecraft:feather":2,"iceandfire:armor_copper_metal_chestplate":2,"minecraft:wooden_pickaxe":6,"minecraft:birch_planks":3,"minecraft:wither_rose":2,"minecraft:flint":1,"supplementaries:flax_seeds":4,"minecraft:shield":1,"iceandfire:armor_copper_metal_helmet":2,"minecraft:dirt":7,"minecraft:string":6,"minecraft:iron_axe":4,"naturalist:glow_goop":3,"minecraft:iron_leggings":1,"useless_sword:ravager_sword":1,"minecraft:wheat_seeds":16,"minecraft:spruce_planks":5,"minecraft:stone_pickaxe":1,"minecraft:iron_ingot":19,"minecraft:sugar_cane":8,"minecraft:chest":4,"minecraft:birch_sapling":2,"minecraft:iron_boots":1,"minecraft:furnace":4,"minecraft:stick":2,"minecraft:raw_iron":2,"minecraft:pumpkin":1,"minecraft:torch":27,"minecraft:gravel":2,"minecraft:porkchop":2,"minecraft:diorite":5,"iceandfire:armor_copper_metal_boots":2,"minecraft:spruce_log":5,"minecraft:dark_oak_log":10,"minecraft:spider_eye":2,"minecraft:mossy_cobblestone":1,"minecraft:dark_oak_planks":40,"minecraft:bundle":1,"minecraft:purple_bed":3,"minecraft:rotten_flesh":7,"minecraft:crossbow":2,"minecraft:bread":7,"minecraft:dark_oak_fence":37,"minecraft:coal":58,"minecraft:cobblestone":79},"minecraft:killed":{"minecraft:pig":1,"naturalist:firefly":1,"minecraft:spider":1,"naturalist:robin":1,"enemyexpansion:direwolf":2,"minecraft:pillager":4,"minecraft:zombie":5,"apollyon:the_damned":1},"minecraft:crafted":{"minecraft:cooked_porkchop":2,"minecraft:crafting_table":1,"minecraft:spruce_planks":16,"minecraft:wooden_pickaxe":2,"minecraft:furnace":1,"minecraft:air":0,"minecraft:shield":1,"minecraft:stick":12,"minecraft:stone_pickaxe":1,"minecraft:dark_oak_planks":44,"minecraft:torch":16},"minecraft:killed_by":{"minecraft:player":1,"iceandfire:ice_dragon":2,"minecraft:zombie":1,"minecraft:pillager":1,"iceandfire:troll":1},"minecraft:custom":{"minecraft:interact_with_furnace":17,"minecraft:mob_kills":17,"minecraft:interact_with_crafting_table":18,"minecraft:leave_game":1,"minecraft:time_since_death":1194,"minecraft:sleep_in_bed":3,"minecraft:time_since_rest":8718,"minecraft:sprint_one_cm":104243,"minecraft:damage_taken":2331,"minecraft:walk_one_cm":211936,"minecraft:damage_blocked_by_shield":30,"minecraft:drop":7,"minecraft:damage_dealt":4297,"minecraft:talked_to_villager":2,"minecraft:fly_one_cm":184887,"minecraft:open_chest":8,"minecraft:crouch_one_cm":3448,"minecraft:play_time":100222,"minecraft:deaths":7,"minecraft:sneak_time":1135,"minecraft:walk_under_water_one_cm":1547,"minecraft:jump":1010,"minecraft:walk_on_water_one_cm":5009,"minecraft:total_world_time":100222,"minecraft:fall_one_cm":25725},"minecraft:mined":{"minecraft:dark_oak_planks":9,"minecraft:spruce_planks":4,"minecraft:dark_oak_log":9,"minecraft:powder_snow":5,"minecraft:crafting_table":5,"minecraft:torch":2,"minecraft:glow_lichen":2,"minecraft:dark_oak_fence":14,"minecraft:grass_block":5,"minecraft:chest":3,"minecraft:cobblestone":1,"minecraft:wall_torch":1,"minecraft:purple_bed":1,"minecraft:furnace":3,"minecraft:birch_log":13,"minecraft:wheat":4,"minecraft:spruce_log":4,"minecraft:pumpkin":1,"minecraft:coal_ore":19,"minecraft:vine":1,"minecraft:dirt":6,"minecraft:gravel":2,"minecraft:stone":39},"minecraft:dropped":{"minecraft:iron_ingot":3,"minecraft:wheat_seeds":1,"minecraft:crafting_table":1,"minecraft:bundle":1,"minecraft:iron_axe":1,"minecraft:wooden_pickaxe":1,"minecraft:dark_oak_planks":1}},"DataVersion":3465}