{
  "minecraft:recipes/misc/charcoal": {
    "criteria": {
      "has_log": "2024-06-17 02:57:52 +0000"
    },
    "done": true
  },
  "minecraft:recipes/decorations/crafting_table": {
    "criteria": {
      "unlock_right_away": "2024-06-17 02:57:30 +0000"
    },
    "done": true
  },
  "minecraft:recipes/building_blocks/acacia_wood": {
    "criteria": {
      "has_log": "2024-06-17 02:57:52 +0000"
    },
    "done": true
  },
  "minecraft:adventure/adventuring_time": {
    "criteria": {
      "minecraft:savanna": "2024-06-17 02:57:31 +0000"
    },
    "done": false
  },
  "minecraft:recipes/building_blocks/acacia_planks": {
    "criteria": {
      "has_log": "2024-06-17 02:57:52 +0000"
    },
    "done": true
  },
  "DataVersion": 3465
}